<query id="getSiteComponentList" action="select">
    <tables>
        <table name="editor_components_site" />
    </tables>
    <columns>
        <column name="*" />
    </columns>
    <conditions>
        <condition operation="equal" column="site_srl" var="site_srl" notnull="notnull" />
        <condition operation="equal" column="enabled" var="enabled" pipe="and" />
    </conditions>
    <navigation>
        <index var="sort_index" default="list_order" order="asc" />
    </navigation>
</query>
