<query id="insertSavedDoc" action="insert">
    <tables>
        <table name="editor_autosave" />
    </tables>
    <columns>
        <column name="module_srl" var="module_srl" />
        <column name="member_srl" var="member_srl" />
        <column name="document_srl" var="document_srl" default="0" />
        <column name="title" var="title" />
        <column name="content" var="content" />
        <column name="certify_key" var="certify_key" />
        <column name="regdate" var="regdate" default="curdate()" />
    </columns>
</query>
