<?xml version="1.0" encoding="UTF-8"?>
<component version="0.2">
    <title xml:lang="vi">Slide Show</title>
    <title xml:lang="ko">이미지 갤러리</title>
    <title xml:lang="jp">デフォルトイメージギャラリー</title>
    <title xml:lang="zh-CN">图片相册</title>
    <title xml:lang="en">Image Gallery</title>
    <title xml:lang="es">Galería de imágenes básicos</title>
    <title xml:lang="ru">Базовая галлерея изображений</title>
    <title xml:lang="zh-TW">預設圖片相簿</title>
    <title xml:lang="tr">Temel Resim Galerisi</title>
    <description xml:lang="vi">Bạn có thể tạo ra một Slide Show theo dạng danh sách hoặc Slide từ những hình ảnh đính kèm của mình.</description>
    <description xml:lang="ko">첨부된 이미지파일을 이용하여 슬라이드/목록형 이미지 갤러리를 만들 수 있습니다.</description>
    <description xml:lang="jp">添付されたイメージファイルを利用して、スライド型・リスト型のイメージギャラリーが作成できます。</description>
    <description xml:lang="zh-CN">利用上传的图片文件实现幻灯片式或目录型相册图片。</description>
    <description xml:lang="en">It can create an image gallery of slide/list style by using the attached image file.</description>
    <description xml:lang="es">It can create image gallery of slide/list style by using attached image file.</description>
    <description xml:lang="ru">Это может создать гллерею изображений в стиле слайдов/списка, используя вложенный файл изображения.</description>
    <description xml:lang="zh-TW">將上傳的圖片以投影片或列表的形式實現。</description>
    <description xml:lang="tr">Ekteki resim dosyasını kullanarak, slayt/liste tarzı resim galerisi oluşturabilir.</description>
    <version>1.7</version>
    <date>2013-11-27</date>

    <author email_address="developers@xpressengine.com" link="http://xpressengine.com/">
        <name xml:lang="vi">NAVER</name>
        <name xml:lang="ko">NAVER</name>
        <name xml:lang="jp">NAVER</name>
        <name xml:lang="zh-CN">NAVER</name>
        <name xml:lang="en">NAVER</name>
        <name xml:lang="es">NAVER</name>
        <name xml:lang="ru">NAVER</name>
        <name xml:lang="zh-TW">NAVER</name>
        <name xml:lang="tr">NAVER</name>
    </author>
</component>
