<query id="getMenuItems" action="select">
    <tables>
        <table name="menu_item" />
    </tables>
    <columns>
        <column name="*" />
    </columns>
    <conditions>
        <condition operation="equal" column="menu_srl" var="menu_srl" filter="number" notnull="notnull" />
        <condition operation="equal" column="parent_srl" var="parent_srl" filter="number" pipe="and" />
    </conditions>
    <navigation>
        <index var="sort_index" default="listorder" order="desc" />
    </navigation>
</query>
