<query id="getMenuList" action="select">
    <tables>
        <table name="menu" />
    </tables>
    <columns>
        <column name="*" />
    </columns>
    <conditions>
        <condition operation="equal" column="site_srl" var="site_srl" filter="number" default="0" notnull="notnull" />
    </conditions>
    <navigation>
        <index var="sort_index" default="listorder" order="asc" />
        <list_count var="list_count" default="20" />
        <page_count var="page_count" default="10" />
        <page var="page" default="1" />
    </navigation>
</query>
