<query id="insertMenu" action="insert">
    <tables>
        <table name="menu" />
    </tables>
    <columns>
        <column name="menu_srl" var="menu_srl" filter="number" notnull="notnull" />
        <column name="site_srl" var="site_srl" filter="number" default="0" notnull="notnull" />
        <column name="title" var="title" notnull="notnull" />
        <column name="listorder" var="listorder" notnull="notnull" />
        <column name="regdate" var="regdate" default="curdate()" />
    </columns>
</query>
