<?xml version="1.0" encoding="UTF-8"?>
<widget version="0.2">
    <title xml:lang="ko">srchat</title>
    <description xml:lang="ko">실시간 채팅위젯을 생성합니다</description>
		<version>219.48</version>
		<date>2015-02-02</date>

	<author email_address="sariputra3@naver.com" link="http://srboard.styx.kr">
        <name xml:lang="ko">사리</name>
    </author>

    <extra_vars>
        <var id="chtsrchat">
            <name xml:lang="ko">채팅방 ID</name>
            <type>text</type>
            <description xml:lang="ko">영문/숫자로 . 채팅방 ID 이외의 사항은 빈 값으로 두고, 이후에 채팅 관리자 기능에서 설정할 수 있습니다.</description>
        </var>
        <var id="chtwidth">
            <name xml:lang="ko">채팅위젯(전체) 넓이</name>
            <type>text</type>
            <description xml:lang="ko">숫자에 단위(px, %, em, pt,...) 붙여서</description>
        </var>
        <var id="chtheight">
            <name xml:lang="ko">채팅위젯(전체) 높이</name>
            <type>text</type>
            <description xml:lang="ko">숫자에 단위(px, %, em, pt,...) 붙여서</description>
        </var>
        <var id="chthorizon">
            <name xml:lang="ko">모양 선택</name>
            <type>select</type>
						<options>
							<value></value>
							<name xml:lang="ko">채팅 관리자 기능에서 설정함</name>
						</options>
						<options>
							<value>v</value>
							<name xml:lang="ko">세로 2단</name>
						</options>
						<options>
							<value>h</value>
							<name xml:lang="ko">가로 2단</name>
						</options>
            <description xml:lang="ko"></description>
        </var>
        <var id="cht_contwh">
            <name xml:lang="ko">채팅본문 넓이 / 높이</name>
            <type>text</type>
            <description xml:lang="ko">'가로 2단' 스킨에서는 넓이, '세로 2단' 스킨에서는 높이 . 숫자에 단위(px, %, em, pt,...) 붙여서</description>
        </var>
        <var id="cht_usrwh">
            <name xml:lang="ko">방문자목록 넓이 / 높이</name>
            <type>text</type>
            <description xml:lang="ko">'가로 2단' 스킨에서는 넓이, '세로 2단' 스킨에서는 높이 . 숫자에 단위(px, %, em, pt,...) 붙여서 - - '%' 단위로 설정하고 위젯코드를 복사해서 붙여 넣는 경우에는 '%' 단위가 스킨에 전달이 안되기 때문에, 값은 그대로 두고 '%' 를 'mm' 로 바꿔야 합니다. 'mm' 는 자바스크립트에서 '%' 로 변환됩니다.</description>
        </var>
        <var id="cht_wico">
            <name xml:lang="ko">아이콘 선택</name>
            <type>select</type>
						<options>
							<value>0</value>
							<name xml:lang="ko">사용 안 함</name>
						</options>
						<options>
							<value>1</value>
							<name xml:lang="ko">레벨 아이콘</name>
						</options>
						<options>
							<value>2</value>
							<name xml:lang="ko">그룹 아이콘</name>
						</options>
						<options>
							<value>3</value>
							<name xml:lang="ko">아이콘샵 아이콘</name>
						</options>
						<options>
							<value>4</value>
							<name xml:lang="ko">프로필 사진</name>
						</options>
            <description xml:lang="ko">아이콘샵 아이콘이 없을 때는 레벨 아이콘으로 대체합니다.</description>
        </var>
        <var id="chtmanager">
            <name xml:lang="ko">채팅 관리자 추가</name>
            <type>text</type>
            <description xml:lang="ko">채팅 관리자로 추가할 회원의 이메일 주소를 입력합니다. 여러 명일 때는 쉼표(,)로 구분해서 나열합니다.</description>
        </var>
	</extra_vars>
</widget>