<?xml version="1.0" encoding="UTF-8"?>
<skin version="0.2">
	<title xml:lang="ko">default</title>
	<title xml:lang="en">default</title>
	<description xml:lang="ko">default</description>
	<description xml:lang="en">default</description>
	<version>219.48</version>
	<date>2015-02-02</date>
	<link>http://srboard.styx.kr</link>

	<author email_address="sariputra3@naver.com" link="http://srboard.styx.kr">
        <name xml:lang="ko">사리</name>
		<name xml:lang="en">sari</name>
    </author>

	<colorset>
    <color name="default">
      <title xml:lang="ko">기본</title>
      <title xml:lang="en">Default</title>
    </color>
  </colorset>
</skin>
