<table name="editor_autosave">
    <column name="member_srl" type="number" size="11" default="0" index="idx_member_srl" />
    <column name="ipaddress" type="varchar" size="128" index="idx_ipaddress" />
    <column name="module_srl" type="number" size="11" index="idx_module_srl" />
    <column name="document_srl" type="number" size="11" default="0" notnull="notnull" />
    <column name="title" type="varchar" size="250" />
    <column name="content" type="bigtext" notnull="notnull" />
    <column name="certify_key" type="varchar" size="100" index="idx_certify_key" />
    <column name="regdate" type="date" index="idx_regdate" />
</table>
