<?xml version="1.0" encoding="UTF-8"?>
<component version="0.2">
    <title xml:lang="ko">이미지 추가</title>
    <title xml:lang="jp">イメージ追加</title>
    <title xml:lang="zh-CN">插入图像</title>
    <title xml:lang="en">Add Images</title>
    <title xml:lang="vi">Thêm hình ảnh</title>
    <title xml:lang="es">Añadir imágenes</title>
    <title xml:lang="ru">Добавление изображений</title>
    <title xml:lang="zh-TW">圖片連結</title>
    <title xml:lang="tr">Resim Ekle</title>
    <description xml:lang="ko">에디터에 이미지를 추가하거나 속성을 변경할 수 있습니다.</description>
    <description xml:lang="jp">エディターでイメージの追加、属性の変更が出来ます。</description>
    <description xml:lang="zh-CN">可以插入图像或编辑其相应属性。</description>
    <description xml:lang="en">It can add an image to editor or change the image attributes.</description>
    <description xml:lang="vi">Bạn có thể thêm hình ảnh để sửa hay chia sẻ.</description>
    <description xml:lang="es">Se puede añadir una imagen a editor o cambiar la atribución de la imagen.</description>
    <description xml:lang="ru">Это может добавить изображение в редактор или изменить параметры изображения.</description>
    <description xml:lang="zh-TW">可以新增或編輯其相關屬性。</description>
    <description xml:lang="tr">Editöre bir resim ekleyebilir veya resmin niteliğini değiştirebilir.</description>
    <version>1.7</version>
    <date>2013-11-27</date>

    <author email_address="developers@xpressengine.com" link="http://xpressengine.com/">
        <name xml:lang="ko">NAVER</name>
        <name xml:lang="jp">NAVER</name>
        <name xml:lang="zh-CN">NAVER</name>
        <name xml:lang="en">NAVER</name>
        <name xml:lang="vi">NAVER</name>
        <name xml:lang="es">NAVER</name>
        <name xml:lang="ru">NAVER</name>
        <name xml:lang="zh-TW">NAVER</name>
        <name xml:lang="tr">NAVER</name>
    </author>
</component>
