<?xml version="1.0" encoding="UTF-8"?>
<component version="0.2">
    <title xml:lang="vi">Thăm dò ý kiến</title>
    <title xml:lang="ko">설문조사</title>
    <title xml:lang="jp">アンケート調査</title>
    <title xml:lang="zh-CN">投票调查</title>
    <title xml:lang="en">Poll</title>
    <title xml:lang="es">Poll</title>
    <title xml:lang="ru">Компонент опросов</title>
    <title xml:lang="zh-TW">投票調查</title>
    <title xml:lang="tr">Oylama Bileşenleri</title>
    <description xml:lang="vi">Bạn có thể tạo một cuộc thăm dò cho chủ đề của mình.</description>
    <description xml:lang="ko">글 작성시에 설문조사를 첨부할 수 있습니다. 설문조사 컴포넌트는 설문조사 모듈의 설정에 영향을 받습니다.</description>
    <description xml:lang="jp">書き込みの時、アンケート機能の追加ができます。アンケートモジュールの影響を受けます。</description>
    <description xml:lang="zh-CN">发表主题时可以附加投票调查。投票调查组件受投票调查模块设置的影响。</description>
    <description xml:lang="en">You can attach a poll to your articles. Poll component will be available when the poll module is enabled.</description>
    <description xml:lang="es">Puede adjuntar una encuesta sobre la redacción de artículos. Encuesta componente se ve afectada por la configuración de módulo de encuesta.</description>
    <description xml:lang="ru">Вы можете присоединить опрос при написании статей. Компонент опросов зависит от настроек модуля отпросов.</description>
    <description xml:lang="zh-TW">發表主題時可以附加投票調查。投票調查組件受投票調查模組設置的影響。</description>
    <description xml:lang="tr">Oylamaları yazı makalelerine ekleyebilirsiniz. Oylama bileşeni, oylama modülü ayarlarından ayarlanır.</description>
    <version>1.7</version>
    <date>2013-11-27</date>

    <author email_address="developers@xpressengine.com" link="http://xpressengine.com/">
        <name xml:lang="vi">NAVER</name>
        <name xml:lang="ko">NAVER</name>
        <name xml:lang="jp">NAVER</name>
        <name xml:lang="zh-CN">NAVER</name>
        <name xml:lang="en">NAVER</name>
        <name xml:lang="es">NAVER</name>
        <name xml:lang="ru">NAVER</name>
        <name xml:lang="zh-TW">NAVER</name>
        <name xml:lang="tr">NAVER</name>
    </author>
</component>
