<?xml version="1.0" encoding="UTF-8"?>
<skin version="0.2">
	<title xml:lang="ko">달력형 플래너 및 일정 표시</title>
	<title xml:lang="jp">Display Calendar_planner and daily schedule status</title>
	<title xml:lang="zh-CN">Display Calendar_planner and daily schedule status</title>
	<title xml:lang="en">Display Calendar_planner and daily schedule status</title>
	<title xml:lang="zh-TW">Display Calendar_planner and daily schedule status</title>
	<description xml:lang="ko">calendar_planner위젯 기본 스킨입니다.</description>
	<description xml:lang="jp">It is a default skin which matches with calendar_planner widget.</description>
	<description xml:lang="zh-CN">It is a default skin which matches with calendar_planner widget.</description>
	<description xml:lang="en">It is a default skin which matches with calendar_planner widget.</description>
	<description xml:lang="zh-TW">It is a default skin which matches with calendar_planner widget.</description>
	<version>5.5.1</version>
	<date>2018-04-20</date>
	<link>http://chungfamily.woweb.net</link>

	<author email_address="keysung2004@yahoo.co.kr" link="http://chungfamily.woweb.net">
		<name xml:lang="ko">Keysung, Chung</name>
		<name xml:lang="jp">Keysung, Chung</name>
		<name xml:lang="zh-CN">Keysung, Chung</name>
		<name xml:lang="en">Keysung, Chung</name>
		<name xml:lang="zh-TW">Keysung, Chung</name>
	</author>

<license>
* Package:    calendar_plannerXE123 (widget)
* File name:  skin.xml
* Author:     Keysung Chung (keysung2004@gmail.com)
* Copyright:  © 2009 Keysung Chung(keysung2004@gmail.com)
* Contributors: Clements J. SONG (http://clements.kyunggi.ca/ , clements_song@hotmail.com)
* Release:    under GPL-v2 License.
* License:    http://www.opensource.org/licenses/gpl-2.0.php
*
* Redistribution and use in source and binary forms, with or without modification, are permitted provided that the following conditions are met:
* 
* Redistributions of source code must retain the above copyright notice, this list of conditions and the following disclaimer.
* Redistributions in binary form must reproduce the above copyright notice, this list of conditions and the following disclaimer in the documentation and/or other materials provided with the distribution.
* 
* Neither the name of the author nor the names of contributors may be used to endorse or promote products derived from this software without specific prior written permission.
* 
* THIS SOFTWARE IS PROVIDED BY THE COPYRIGHT HOLDERS AND CONTRIBUTORS "AS IS" AND ANY EXPRESS OR IMPLIED WARRANTIES, INCLUDING, BUT NOT LIMITED TO, THE IMPLIED WARRANTIES OF MERCHANTABILITY AND FITNESS FOR A PARTICULAR PURPOSE ARE DISCLAIMED. IN NO EVENT SHALL THE COPYRIGHT OWNER OR CONTRIBUTORS BE LIABLE FOR ANY DIRECT, INDIRECT, INCIDENTAL, SPECIAL, EXEMPLARY, OR CONSEQUENTIAL DAMAGES (INCLUDING, BUT NOT LIMITED TO, PROCUREMENT OF SUBSTITUTE GOODS OR SERVICES; LOSS OF USE, DATA, OR PROFITS; OR BUSINESS INTERRUPTION) HOWEVER CAUSED AND ON ANY THEORY OF LIABILITY, WHETHER IN CONTRACT, STRICT LIABILITY, OR TORT (INCLUDING NEGLIGENCE OR OTHERWISE) ARISING IN ANY WAY OUT OF THE USE OF THIS SOFTWARE, EVEN IF ADVISED OF THE POSSIBILITY OF SUCH DAMAGE.
</license>

	<colorset>
        <color name="white">
            <title xml:lang="ko">하얀색(기본)</title>
            <title xml:lang="jp">白（デフォルト）</title>
            <title xml:lang="zh-CN">白色（默认）</title>
            <title xml:lang="en">White (default)</title>
            <title xml:lang="zh-TW">白色(預設)</title>
        </color>
        <color name="black">
            <title xml:lang="ko">검은색</title>
            <title xml:lang="jp">黒</title>
            <title xml:lang="en">Black</title>
            <title xml:lang="zh-CN">黑色</title>
            <title xml:lang="zh-TW">黑色</title>
        </color>
	</colorset>
</skin>
