<?xml version="1.0" encoding="UTF-8"?>
<widget version="0.3">
    <title xml:lang="ko">학생회 대화방</title>
    <description xml:lang="ko">
        학생회 채팅 : 실시간 대화방
    </description>
    <version>0.3</version>
    <date>2015-09-15</date>
    <author email_address="" link="http://uha.kr">
        <name xml:lang="ko">전일고등학교 학생회</name>
    </author>

    <extra_vars>
        <group>
            <var id="code">
                <type>text</type>
                <name xml:lang="ko">(필수)고유값</name>
                <description xml:lang="ko">들어갈 대화방의 고유값입니다. 자기 도메인을 입력하면 무난합니다. (예: uha.kr)</description>
            </var>
            <var id="uha_height">
                  <type>text</type>
                  <name xml:lang="ko">(필수)세로 길이</name>
                  <description xml:lang="ko">예) 100% 또는 300px</description>
            </var>            
            <var id="key">
                <type>text</type>
                <name xml:lang="ko">(선택)열쇠글</name>
                <description xml:lang="ko">회원 이름 연동을 하려면, 발급받은 열쇠글을 입력하세요.</description>
            </var>            
            <var id="anonymous">
                  <type>select</type>
                  <name xml:lang="ko">회원 별명 나타내기</name>
                  <options>
                      <value>0</value>
                      <name xml:lang="ko">익명</name>
                  </options>
                  <options>
                      <value>1</value>
                      <name xml:lang="ko">별명</name>
                  </options>
              </var>
        </group>
	</extra_vars>
</widget>
