<?xml version="1.0" encoding="UTF-8"?>
<skin version="0.2">
    <title xml:lang="ko">XE 기본 서식</title>
    <title xml:lang="en">XE Default Form</title>
    <title xml:lang="zh-CN">XE默认样式</title>
    <title xml:lang="vi">XE Mặc định</title>
    <title xml:lang="jp">XEデフォルトスタイル</title>
    <title xml:lang="zh-TW">XE預設樣式</title>
    <title xml:lang="tr">XE Varsayılan Form</title>
    <description xml:lang="ko">
        XE 기본 문서 서식입니다.
        있는 그대로 표시가 될 뿐 편집/ 출력시 아무런 영향을 끼치지 않습니다.
    </description>
    <description xml:lang="en">
        XE's default document style.
        It displays as it is, and does not affect during editing/printing.
    </description>
    <description xml:lang="zh-CN">
        XE默认样式。
        主题显示及编辑不会受到任何影响，即原样输出。
    </description>
    <description xml:lang="zh-TW">
        XE預設樣式。
        主題顯示和編輯不會受到影響。
    </description>
    <description xml:lang="jp">
        XEの基本ドキュメント書式です。
        そのまま表示されるだけで、編集・出力には影響しません。
    </description>
    <description xml:lang="tr">
        XE varsayılan belge tarzı.
       Olduğu gibi gösterir, düzenlemeye / yazdırmaya etki etmez.
    </description>
    <description xml:lang="vi">
        Trang mẫu mặc định của XE.
        Nó sẽ hiển thị trong phần sửa đổi bài viết và không ảnh hưởng đến bất cứ chức năng nào cả.
    </description>
    <version>1.7</version>
    <date>2013-11-27</date>
    <author email_address="developers@xpressengine.com" link="http://xpressengine.com/">
        <name xml:lang="ko">NAVER</name>
		<name xml:lang="zh-CN">NAVER</name>
		<name xml:lang="zh-TW">NAVER</name>
        <name xml:lang="jp">NAVER</name>
        <name xml:lang="en">NAVER</name>
        <name xml:lang="vi">NAVER</name>
        <name xml:lang="tr">NAVER</name>
    </author>
</skin>
