<?xml version="1.0" encoding="UTF-8"?>
<skin version="0.2">
    <title xml:lang="ko">XE 기본 서식 (검은 배경)</title>
    <title xml:lang="en">XE Default Form (black color background)</title>
    <title xml:lang="zh-CN">XE默认格式(黑色背景)</title>
    <title xml:lang="zh-TW">XE預設樣式(黑色背景)</title>
    <title xml:lang="vi">XE Mặc định (Nền tối)</title>
    <title xml:lang="jp">XEデフォルトスタイル(黒色背景)</title>
    <title xml:lang="tr">XE Varsayılan Form(siyah renk arkaplan)</title>
    <description xml:lang="ko">
        XE 기본 문서 서식입니다.
        문서 수정중에는 각 요소들이 구분되어 보입니다.
    </description>
    <description xml:lang="en">
		XE Default Form (black color background)
    </description>
    <description xml:lang="zh-CN">
        XE默认格式。
        在编辑文档时，可清晰地区分各标签区域。
    </description>
    <description xml:lang="zh-TW">
        XE編輯器預設樣式。
        編輯檔案時，可清楚地區分各標籤。
    </description>
    <description xml:lang="vi">
        Mẫu mặc định của XE.
        Nó sẽ hiển thị trong phần sửa đổi bài viết.
    </description>
    <description xml:lang="jp">
        XEのデフォルトドキュメントのスタイルです。
        ドキュメント編集中には、各要素が区分されて見えます。
    </description>
    <description xml:lang="tr">
		XE Varsayılan Form(siyah renk arkaplan)
    </description>
    <version>1.7</version>
    <date>2013-11-27</date>
    <author email_address="developers@xpressengine.com" link="http://xpressengine.com/">
        <name xml:lang="ko">NAVER</name>
        <name xml:lang="zh-CN">NAVER</name>
        <name xml:lang="zh-TW">NAVER</name>
        <name xml:lang="jp">NAVER</name>
        <name xml:lang="vi">NAVER</name>
        <name xml:lang="tr">NAVER</name>
    </author>
</skin>
