<?xml version="1.0" encoding="utf-8"?>
<ruleset version="1.5.0">
    <customrules>
    </customrules>
    <fields>
		<field name="module_srl" required="true" />
		<field name="mid_1" rule="alpha_number" />
		<field name="mid_2" rule="alpha_number" />
		<field name="mid_3" rule="alpha_number" />
		<field name="mid_4" rule="alpha_number" />
		<field name="mid_5" rule="alpha_number" />
		<field name="mid_6" rule="alpha_number" />
		<field name="mid_7" rule="alpha_number" />
		<field name="mid_8" rule="alpha_number" />
		<field name="mid_9" rule="alpha_number" />
		<field name="mid_10" rule="alpha_number" />
    </fields>
</ruleset>
