<?xml version="1.0" encoding="UTF-8"?>
<module version="0.2">
    <title xml:lang="vi">WYSIWYG Editor</title>
    <title xml:lang="ko">위지윅 에디터 </title>
    <title xml:lang="en">WYSIWYG Editor</title>
    <title xml:lang="es">Editor WYSIWYG</title>
    <title xml:lang="zh-CN">网页编辑器</title>
    <title xml:lang="jp">ウィジウィグエディター</title>
    <title xml:lang="ru">WYSIWYG-редактор</title>
    <title xml:lang="zh-TW">網頁編輯器</title>
    <title xml:lang="tr">Editor WYSIWYG</title>
    <description xml:lang="vi">Module hiển thị WYSIWYG Editor để quản lý những kiểu viết bài.</description>
    <description xml:lang="ko">위지윅 에디터를 출력하거나 에디터 컴포넌트들을 관리/중계하는 합니다.</description>
    <description xml:lang="en">Module for displaying WYSIWYG editor and managing/relaying editor components.</description>
    <description xml:lang="es">Módulo para mostrar en la pantalla el editor de WYSIWYG y para el manejo/relato de los componentes del editor.</description>
    <description xml:lang="zh-CN">显示网页编辑器或管理/传递编辑器组件的模块。</description>
    <description xml:lang="jp">ウィジウィグエディターを出力したり、エディターのコンポーネントを管理・中継するモジュールです。</description>
    <description xml:lang="ru">Модуль для отображения WYSIWYG-редактора и управления/смены записей редактора.</description>
    <description xml:lang="zh-TW">顯示網頁編輯器或管理/傳遞編輯器組件的模組。</description>
    <description xml:lang="tr">WYSIWYG editörünü görüntüleme ve editör bileşenlerini düzenleme/aktarma için kullanılan modüldür. </description>
    <version>1.7</version>
    <date>2013-11-27</date>
    <category>utility</category>

    <author email_address="developers@xpressengine.com" link="http://xpressengine.com/">
        <name xml:lang="vi">NAVER</name>
        <name xml:lang="ko">NAVER</name>
        <name xml:lang="en">NAVER</name>
        <name xml:lang="es">NAVER</name>
        <name xml:lang="zh-CN">NAVER</name>
        <name xml:lang="jp">NAVER</name>
        <name xml:lang="ru">NAVER</name>
        <name xml:lang="zh-TW">NAVER</name>
        <name xml:lang="tr">NAVER</name>
    </author>
</module>
